filename,object_location,image_small,image_thumb
210a.jpg,/objects/210a.jpg,/objects/small/210a_sm.jpg,/objects/thumbs/210a_th.jpg
210b.jpg,/objects/210b.jpg,/objects/small/210b_sm.jpg,/objects/thumbs/210b_th.jpg
demo_001.jpg,/objects/demo_001.jpg,/objects/small/demo_001_sm.jpg,/objects/thumbs/demo_001_th.jpg
demo_002.pdf,/objects/demo_002.pdf,/objects/small/demo_002_sm.jpg,/objects/thumbs/demo_002_th.jpg
demo_003.mp3,/objects/demo_003.mp3,,
demo_004.jpg,/objects/demo_004.jpg,/objects/small/demo_004_sm.jpg,/objects/thumbs/demo_004_th.jpg
demo_005.txt,/objects/demo_005.txt,,
demo_012.md,/objects/demo_012.md,,
fandmking40thanniversaryinvite1995.jpg,/objects/fandmking40thanniversaryinvite1995.jpg,/objects/small/fandmking40thanniversaryinvite1995_sm.jpg,/objects/thumbs/fandmking40thanniversaryinvite1995_th.jpg
fandmkingengagementannouncements.jpg,/objects/fandmkingengagementannouncements.jpg,/objects/small/fandmkingengagementannouncements_sm.jpg,/objects/thumbs/fandmkingengagementannouncements_th.jpg
fandmkingfamilylanddphotos.jpg,/objects/fandmkingfamilylanddphotos.jpg,/objects/small/fandmkingfamilylanddphotos_sm.jpg,/objects/thumbs/fandmkingfamilylanddphotos_th.jpg
fandmkingportraits1990s.jpg,/objects/fandmkingportraits1990s.jpg,/objects/small/fandmkingportraits1990s_sm.jpg,/objects/thumbs/fandmkingportraits1990s_th.jpg
fandmkingweddinganniversary2005.jpg,/objects/fandmkingweddinganniversary2005.jpg,/objects/small/fandmkingweddinganniversary2005_sm.jpg,/objects/thumbs/fandmkingweddinganniversary2005_th.jpg
fandmkingweddingarticle.jpg,/objects/fandmkingweddingarticle.jpg,/objects/small/fandmkingweddingarticle_sm.jpg,/objects/thumbs/fandmkingweddingarticle_th.jpg
fandmkingweddingparents.jpg,/objects/fandmkingweddingparents.jpg,/objects/small/fandmkingweddingparents_sm.jpg,/objects/thumbs/fandmkingweddingparents_th.jpg
fandmkingweddingportrait.jpg,/objects/fandmkingweddingportrait.jpg,/objects/small/fandmkingweddingportrait_sm.jpg,/objects/thumbs/fandmkingweddingportrait_th.jpg
fkingcolorizedportrait.jpg,/objects/fkingcolorizedportrait.jpg,/objects/small/fkingcolorizedportrait_sm.jpg,/objects/thumbs/fkingcolorizedportrait_th.jpg
fkingthreeimages.jpg,/objects/fkingthreeimages.jpg,/objects/small/fkingthreeimages_sm.jpg,/objects/thumbs/fkingthreeimages_th.jpg
hells_half_theta.jpg,/objects/hells_half_theta.jpg,/objects/small/hells_half_theta_sm.jpg,/objects/thumbs/hells_half_theta_th.jpg
hughes_article.png,/objects/hughes_article.png,/objects/small/hughes_article_sm.jpg,/objects/thumbs/hughes_article_th.jpg
kingphotosassorted1976toearly1980s.jpg,/objects/kingphotosassorted1976toearly1980s.jpg,/objects/small/kingphotosassorted1976toearly1980s_sm.jpg,/objects/thumbs/kingphotosassorted1976toearly1980s_th.jpg
landbking1976.jpg,/objects/landbking1976.jpg,/objects/small/landbking1976_sm.jpg,/objects/thumbs/landbking1976_th.jpg
landdandgandmkingchildrensportrait.jpg,/objects/landdandgandmkingchildrensportrait.jpg,/objects/small/landdandgandmkingchildrensportrait_sm.jpg,/objects/thumbs/landdandgandmkingchildrensportrait_th.jpg
landdandgkingchildrensportrait.jpg,/objects/landdandgkingchildrensportrait.jpg,/objects/small/landdandgkingchildrensportrait_sm.jpg,/objects/thumbs/landdandgkingchildrensportrait_th.jpg
lkingbabyphotospage1.jpg,/objects/lkingbabyphotospage1.jpg,/objects/small/lkingbabyphotospage1_sm.jpg,/objects/thumbs/lkingbabyphotospage1_th.jpg
lkingbabypicbackcover.jpg,/objects/lkingbabypicbackcover.jpg,/objects/small/lkingbabypicbackcover_sm.jpg,/objects/thumbs/lkingbabypicbackcover_th.jpg
lkingbabypiccover.jpg,/objects/lkingbabypiccover.jpg,/objects/small/lkingbabypiccover_sm.jpg,/objects/thumbs/lkingbabypiccover_th.jpg
lkingbabypicopen.jpg,/objects/lkingbabypicopen.jpg,/objects/small/lkingbabypicopen_sm.jpg,/objects/thumbs/lkingbabypicopen_th.jpg
lkingbabyshoesfront.jpg,/objects/lkingbabyshoesfront.jpg,/objects/small/lkingbabyshoesfront_sm.jpg,/objects/thumbs/lkingbabyshoesfront_th.jpg
lkingbabyshoeswithruler.jpg,/objects/lkingbabyshoeswithruler.jpg,/objects/small/lkingbabyshoeswithruler_sm.jpg,/objects/thumbs/lkingbabyshoeswithruler_th.jpg
lkingchildandhorsephotos.jpg,/objects/lkingchildandhorsephotos.jpg,/objects/small/lkingchildandhorsephotos_sm.jpg,/objects/thumbs/lkingchildandhorsephotos_th.jpg
millergermanreaderbackcover.jpg,/objects/millergermanreaderbackcover.jpg,/objects/small/millergermanreaderbackcover_sm.jpg,/objects/thumbs/millergermanreaderbackcover_th.jpg
millergermanreadercover.jpg,/objects/millergermanreadercover.jpg,/objects/small/millergermanreadercover_sm.jpg,/objects/thumbs/millergermanreadercover_th.jpg
millergermanreadercoverwithruler.jpg,/objects/millergermanreadercoverwithruler.jpg,/objects/small/millergermanreadercoverwithruler_sm.jpg,/objects/thumbs/millergermanreadercoverwithruler_th.jpg
millergermanreadercoverwithrulerspine.jpg,/objects/millergermanreadercoverwithrulerspine.jpg,/objects/small/millergermanreadercoverwithrulerspine_sm.jpg,/objects/thumbs/millergermanreadercoverwithrulerspine_th.jpg
millergermanreaderforeword.jpg,/objects/millergermanreaderforeword.jpg,/objects/small/millergermanreaderforeword_sm.jpg,/objects/thumbs/millergermanreaderforeword_th.jpg
millergermanreaderinscription.jpg,/objects/millergermanreaderinscription.jpg,/objects/small/millergermanreaderinscription_sm.jpg,/objects/thumbs/millergermanreaderinscription_th.jpg
millergermanreaderpublisherinfo.jpg,/objects/millergermanreaderpublisherinfo.jpg,/objects/small/millergermanreaderpublisherinfo_sm.jpg,/objects/thumbs/millergermanreaderpublisherinfo_th.jpg
millergermanreadertitlepage.jpg,/objects/millergermanreadertitlepage.jpg,/objects/small/millergermanreadertitlepage_sm.jpg,/objects/thumbs/millergermanreadertitlepage_th.jpg
millerillustratedbibleassorteditemsback.jpg,/objects/millerillustratedbibleassorteditemsback.jpg,/objects/small/millerillustratedbibleassorteditemsback_sm.jpg,/objects/thumbs/millerillustratedbibleassorteditemsback_th.jpg
millerillustratedbibleassorteditemsfront.jpg,/objects/millerillustratedbibleassorteditemsfront.jpg,/objects/small/millerillustratedbibleassorteditemsfront_sm.jpg,/objects/thumbs/millerillustratedbibleassorteditemsfront_th.jpg
millerillustratedbiblemartinluther.jpg,/objects/millerillustratedbiblemartinluther.jpg,/objects/small/millerillustratedbiblemartinluther_sm.jpg,/objects/thumbs/millerillustratedbiblemartinluther_th.jpg
millerillustratedgermanbible.jpg,/objects/millerillustratedgermanbible.jpg,/objects/small/millerillustratedgermanbible_sm.jpg,/objects/thumbs/millerillustratedgermanbible_th.jpg
millerillustratedgermanbiblebirthspage.jpg,/objects/millerillustratedgermanbiblebirthspage.jpg,/objects/small/millerillustratedgermanbiblebirthspage_sm.jpg,/objects/thumbs/millerillustratedgermanbiblebirthspage_th.jpg
millerillustratedgermanbibledeathspage.jpg,/objects/millerillustratedgermanbibledeathspage.jpg,/objects/small/millerillustratedgermanbibledeathspage_sm.jpg,/objects/thumbs/millerillustratedgermanbibledeathspage_th.jpg
millerillustratedgermanbiblefacingml.jpg,/objects/millerillustratedgermanbiblefacingml.jpg,/objects/small/millerillustratedgermanbiblefacingml_sm.jpg,/objects/thumbs/millerillustratedgermanbiblefacingml_th.jpg
millerillustratedgermanbiblemarriagepage.jpg,/objects/millerillustratedgermanbiblemarriagepage.jpg,/objects/small/millerillustratedgermanbiblemarriagepage_sm.jpg,/objects/thumbs/millerillustratedgermanbiblemarriagepage_th.jpg
millerillustratedgermanbiblemooresnewyorkerbottomfront.jpg,/objects/millerillustratedgermanbiblemooresnewyorkerbottomfront.jpg,/objects/small/millerillustratedgermanbiblemooresnewyorkerbottomfront_sm.jpg,/objects/thumbs/millerillustratedgermanbiblemooresnewyorkerbottomfront_th.jpg
millerillustratedgermanbiblemooresnewyorkerissuetopfront.jpg,/objects/millerillustratedgermanbiblemooresnewyorkerissuetopfront.jpg,/objects/small/millerillustratedgermanbiblemooresnewyorkerissuetopfront_sm.jpg,/objects/thumbs/millerillustratedgermanbiblemooresnewyorkerissuetopfront_th.jpg
millerillustratedgermanbiblepublisherinfo.jpg,/objects/millerillustratedgermanbiblepublisherinfo.jpg,/objects/small/millerillustratedgermanbiblepublisherinfo_sm.jpg,/objects/thumbs/millerillustratedgermanbiblepublisherinfo_th.jpg
millerillustratedgermanbibletc.jpg,/objects/millerillustratedgermanbibletc.jpg,/objects/small/millerillustratedgermanbibletc_sm.jpg,/objects/thumbs/millerillustratedgermanbibletc_th.jpg
millerillustratedgermanbibletitlepage.jpg,/objects/millerillustratedgermanbibletitlepage.jpg,/objects/small/millerillustratedgermanbibletitlepage_sm.jpg,/objects/thumbs/millerillustratedgermanbibletitlepage_th.jpg
mkingcolorizedportrait.jpg,/objects/mkingcolorizedportrait.jpg,/objects/small/mkingcolorizedportrait_sm.jpg,/objects/thumbs/mkingcolorizedportrait_th.jpg
mkinghsportrait.jpg,/objects/mkinghsportrait.jpg,/objects/small/mkinghsportrait_sm.jpg,/objects/thumbs/mkinghsportrait_th.jpg
randgmiller50thweddinginvitecover.jpg,/objects/randgmiller50thweddinginvitecover.jpg,/objects/small/randgmiller50thweddinginvitecover_sm.jpg,/objects/thumbs/randgmiller50thweddinginvitecover_th.jpg
randgmiller50thweddinginvitetext.jpg,/objects/randgmiller50thweddinginvitetext.jpg,/objects/small/randgmiller50thweddinginvitetext_sm.jpg,/objects/thumbs/randgmiller50thweddinginvitetext_th.jpg
